{
  "groups": [
    {
      "name": "dashboard",
      "type": "com.fiddle.soap.dashboard.ServicesDashboardProperties",
      "sourceType": "com.fiddle.soap.dashboard.ServicesDashboardProperties"
    },
    {
      "name": "storage",
      "type": "com.fiddle.soap.storage.StorageProperties",
      "sourceType": "com.fiddle.soap.storage.StorageProperties"
    }
  ],
  "properties": [
    {
      "name": "dashboard.environments",
      "type": "java.util.List<com.fiddle.soap.dashboard.ServicesDashboardEnvironment>",
      "sourceType": "com.fiddle.soap.dashboard.ServicesDashboardProperties"
    },
    {
      "name": "storage.location",
      "type": "java.lang.String",
      "description": "Folder location for storing files",
      "sourceType": "com.fiddle.soap.storage.StorageProperties",
      "defaultValue": "upload-dir"
    }
  ],
  "hints": []
}